Nitram (2021),3/30/22
Morbius (2022),4/1/22
The Contractor (2022),4/1/22
You Won't Be Alone (2022),4/1/22
Barbarians (2021),4/1/22
Bull (2021),4/1/22
Gagarine (2020),4/1/22
Iris Warriors (2022),4/2/22
Fallen Angels Murder Club : Friends to Die For (2022),4/2/22
Ambulance (2022),4/8/22
Sonic the Hedgehog 2 (2022),4/8/22
Aline (2020),4/8/22
Cow (2021),4/8/22
Fantastic Beasts: The Secrets of Dumbledore (2022),4/15/22
Father Stu (2022),4/15/22
"Paris, 13th District (2021)",4/15/22
Dual (2022),4/15/22
The Unbearable Weight of Massive Talent (2022),4/22/22
The Northman (2022),4/22/22
The Bad Guys (2022),4/22/22
Petite Maman (2021),4/22/22
Hit the Road (2021),4/22/22
Hatching (2022),4/29/22
Memory (2022),4/29/22
Firebird (2021),4/29/22
Vortex (2021),4/29/22
Octopus Pot (2022),5/4/22
Doctor Strange in the Multiverse of Madness (2022),5/6/22
Happening (2021),5/6/22
The Twin (2022),5/6/22
The Ravine (2021),5/6/22
Firestarter (2022),5/13/22
The Innocents (2021),5/13/22
Family Camp (2022),5/13/22
Men (2022),5/20/22
Downton Abbey: A New Era (2022),5/20/22
Top Gun: Maverick (2022),5/27/22
The Bob's Burgers Movie (2022),5/27/22
Pulled from Darkness (2022),5/28/22
Watcher (2022),6/3/22
Terror on the Prairie (2022),6/9/22
Jurassic World Dominion (2022),6/10/22
Look at Me: XXXTentacion (2022),6/10/22
Lightyear (2022),6/17/22
The Lost Girls (2022),6/17/22
Elvis (2022),6/24/22
The Black Phone (2021),6/24/22
Shotgun Wedding (2022),6/29/22
Minions 2: The Rise of Gru (2022),7/1/22
Thor: Love and Thunder (2022),7/8/22
Where the Crawdads Sing (2022),7/15/22
The Wrong Place (2022),7/15/22
Mrs Harris Goes to Paris (2022),7/15/22
Nope (2022),7/22/22
Paws of Fury: The Legend of Hank (2022),7/22/22
Bullet Train (2022),7/29/22
DC League of Super-Pets (2022),7/29/22
Guns 3: Alias Billy the Kid (2022),8/3/22
Secret Headquarters (2022),8/5/22
The Man from Toronto (2022),8/12/22
Samaritan (2022),8/26/22
After Ever Happy (2022),9/7/22
Salem's Lot (2022),9/9/22
Dark Harvest (2022),9/9/22
The Woman King (2022),9/16/22
"Are You There God? It's Me, Margaret (2022)",9/16/22
Puss in Boots 2: The Last Wish (2022),9/23/22
Don't Worry Darling (2022),9/23/22
BROS (2022),9/30/22
Spider-Man: Across the Spider-Verse - Part One (2022),10/7/22
Till (2022),10/7/22
Halloween Ends (2022),10/14/22
Black Adam (2022),10/21/22
Ticket to Paradise (2022),10/21/22
The Devil's Light (2022),10/28/22
The Monkey King: The Legend Begins (2022),11/2/22
Untitled David O. Russell (2022),11/4/22
Black Panther: Wakanda Forever (2022),11/11/22
Spellbound (2022),11/11/22
Thirteen Lives (2022),11/18/22
She Said (2022),11/18/22
The Fabelmans (2022),11/23/22
Creed III (2022),11/23/22
Strange World (2022),11/23/22
Bitch Ass (2022),12/15/22
Avatar 2 (2022),12/16/22
Shazam! Fury of the Gods (2022),12/16/22
Untitled Illumination Entertainment Super Mario Project (2022),12/21/22
A Man Called Otto (2022),12/25/22
Babylon (2022),1/6/23
The Amazing Maurice (2023),1/6/23
Kraven the Hunter (2023),1/13/23
Harold and the Purple Crayon (2023),1/27/23
Knock at the Cabin (2023),2/3/23
The Marvels (2023),2/17/23
Dungeons & Dragons (2023),3/3/23
Haunted Mansion (2023),3/10/23
Aquaman and the Lost Kingdom (2023),3/17/23
Fast Charlie (2023),3/17/23
John Wick: Chapter 4 (2023),3/24/23